dinucleotide,count,percentage
AA,0,0.0
AC,5,8.928571428571429
AG,3,5.357142857142857
AT,4,7.142857142857143
CA,2,3.5714285714285716
CC,0,0.0
CG,7,12.5
CT,6,10.714285714285714
GA,5,8.928571428571429
GC,6,10.714285714285714
GG,0,0.0
GT,3,5.357142857142857
TA,6,10.714285714285714
TC,4,7.142857142857143
TG,4,7.142857142857143
TT,1,1.7857142857142858
