trinucleotide,count,percentage
AAA,0,0.0
AAC,0,0.0
AAG,0,0.0
AAT,0,0.0
ACA,0,0.0
ACC,0,0.0
ACG,2,3.6363636363636362
ACT,3,5.454545454545454
AGA,0,0.0
AGC,2,3.6363636363636362
AGG,0,0.0
AGT,1,1.8181818181818181
ATA,0,0.0
ATC,4,7.2727272727272725
ATG,0,0.0
ATT,0,0.0
CAA,0,0.0
CAC,0,0.0
CAG,0,0.0
CAT,2,3.6363636363636362
CCA,0,0.0
CCC,0,0.0
CCG,0,0.0
CCT,0,0.0
CGA,4,7.2727272727272725
CGC,2,3.6363636363636362
CGG,0,0.0
CGT,1,1.8181818181818181
CTA,3,5.454545454545454
CTC,0,0.0
CTG,2,3.6363636363636362
CTT,1,1.8181818181818181
GAA,0,0.0
GAC,2,3.6363636363636362
GAG,1,1.8181818181818181
GAT,1,1.8181818181818181
GCA,1,1.8181818181818181
GCC,0,0.0
GCG,3,5.454545454545454
GCT,2,3.6363636363636362
GGA,0,0.0
GGC,0,0.0
GGG,0,0.0
GGT,0,0.0
GTA,1,1.8181818181818181
GTC,0,0.0
GTG,2,3.6363636363636362
GTT,0,0.0
TAA,0,0.0
TAC,3,5.454545454545454
TAG,2,3.6363636363636362
TAT,1,1.8181818181818181
TCA,1,1.8181818181818181
TCC,0,0.0
TCG,2,3.6363636363636362
TCT,1,1.8181818181818181
TGA,1,1.8181818181818181
TGC,2,3.6363636363636362
TGG,0,0.0
TGT,1,1.8181818181818181
TTA,1,1.8181818181818181
TTC,0,0.0
TTG,0,0.0
TTT,0,0.0
